filename          , health_status
20230702152651.jpg, unhealthy
20230622105739.jpg, unhealthy
20230702150522.jpg, healthy
20230622110254.jpg, healthy
20230623153736.jpg, unhealthy
20230623154529.jpg, unhealthy
20230622104751.jpg, unhealthy
20230623161223.jpg, unhealthy
20230702144147.jpg, unhealthy
20230623155804.jpg, healthy
20230623155811.jpg, healthy
20230702152056.jpg, unhealthy
20230702154433.jpg, healthy
20230702153412.jpg, healthy
20230702152718.jpg, healthy
20230622105314.jpg, unhealthy
20230623153904.jpg, unhealthy
20230709142321.jpg, healthy
20230622104208.jpg, unhealthy
20230623153723.jpg, unhealthy
20230623155434.jpg, unhealthy
20230709142255.jpg, unhealthy
20230709143611.jpg, healthy
20230623161154.jpg, healthy
20230702151832.jpg, healthy
20230702145338.jpg, healthy
20230702151359.jpg, unhealthy
20230702143946.jpg, healthy
20230623155756.jpg, unhealthy
20230622104140.jpg, unhealthy
20230622111217.jpg, unhealthy
20230623153655.jpg, healthy
20230622105048.jpg, healthy
20230622105706.jpg, unhealthy
20230702151824.jpg, healthy
20230702154009.jpg, healthy
20230702152322.jpg, unhealthy
20230623155422.jpg, healthy
20230702145931.jpg, healthy
20230709143217.jpg, unhealthy
20230702144636.jpg, unhealthy
20230702153439.jpg, unhealthy
20230623154517.jpg, unhealthy
20230623153522.jpg, healthy
20230622111835.jpg, healthy
20230702145717.jpg, healthy
20230623154715.jpg, healthy
20230702154020.jpg, unhealthy
20230702152445.jpg, unhealthy
20230702150508.jpg, unhealthy
20230622104800.jpg, unhealthy
20230702153559.jpg, healthy
20230622104633.jpg, unhealthy
20230702150901.jpg, unhealthy
20230709142722.jpg, unhealthy
20230702152131.jpg, unhealthy
20230702144035.jpg, healthy
20230702145303.jpg, healthy
20230623155553.jpg, unhealthy
20230702151612.jpg, healthy
20230622110246.jpg, unhealthy
20230702150444.jpg, healthy
20230622110050.jpg, healthy
20230702144627.jpg, healthy
20230702151203.jpg, healthy
20230702145510.jpg, healthy
20230702154353.jpg, healthy
20230623153533.jpg, unhealthy
20230623155618.jpg, unhealthy
20230623161032.jpg, unhealthy
20230623155354.jpg, healthy
20230622105104.jpg, unhealthy
20230623154704.jpg, unhealthy
20230622104839.jpg, healthy
20230702154233.jpg, healthy
20230702145458.jpg, unhealthy
20230622110125.jpg, healthy
20230622104622.jpg, healthy
20230623153451.jpg, unhealthy
20230702151349.jpg, healthy
20230702153210.jpg, unhealthy
20230622105728.jpg, unhealthy
20230702145923.jpg, unhealthy
20230622105112.jpg, unhealthy
20230623161018.jpg, healthy
20230702154153.jpg, healthy
20230709143013.jpg, healthy
20230623155626.jpg, healthy
20230702154423.jpg, healthy
20230702154345.jpg, healthy
20230702145248.jpg, healthy
20230702144619.jpg, healthy
20230623155633.jpg, healthy
20230702153615.jpg, unhealthy
20230623161025.jpg, unhealthy
20230623153915.jpg, unhealthy
20230702152523.jpg, unhealthy
20230622104231.jpg, unhealthy
20230623161145.jpg, healthy
20230702145659.jpg, unhealthy
20230702152457.jpg, healthy
20230623155545.jpg, unhealthy
20230709143402.jpg, unhealthy
20230702154224.jpg, unhealthy
20230622105259.jpg, unhealthy
20230702153510.jpg, healthy
20230622104849.jpg, unhealthy
20230702152632.jpg, healthy
20230622105028.jpg, healthy
20230702152356.jpg, unhealthy
20230702150555.jpg, healthy
20230623155442.jpg, unhealthy
20230622104242.jpg, healthy
20230702153100.jpg, healthy
20230709143713.jpg, unhealthy
20230702152236.jpg, healthy
20230619-8.jpg    , unhealthy
20230623153557.jpg, unhealthy
20230622110021.jpg, unhealthy
20230709142814.jpg, unhealthy
20230623155654.jpg, unhealthy
20230702144130.jpg, unhealthy
20230702154336.jpg, unhealthy
20230702151514.jpg, unhealthy
20230702143851.jpg, unhealthy
20230623153542.jpg, unhealthy
20230619-9.jpg    , unhealthy
20230622105607.jpg, unhealthy
20230622110236.jpg, healthy
20230702153920.jpg, healthy
20230623155537.jpg, healthy
20230702153908.jpg, healthy
20230702150018.jpg, unhealthy
20230622105559.jpg, healthy
20230702143933.jpg, unhealthy
20230623161323.jpg, healthy
20230623161337.jpg, unhealthy
20230702150032.jpg, unhealthy
20230702145832.jpg, unhealthy
20230702144523.jpg, unhealthy
20230702152553.jpg, unhealthy
20230702151728.jpg, healthy
20230709142340.jpg, healthy
20230702153315.jpg, unhealthy
20230702152750.jpg, healthy
20230702150609.jpg, unhealthy
20230623161256.jpg, healthy
20230622110037.jpg, healthy
20230622110209.jpg, healthy
20230702153843.jpg, healthy
20230623153743.jpg, unhealthy
20230702153937.jpg, healthy
20230623153637.jpg, unhealthy
20230702144046.jpg, healthy
20230622110153.jpg, healthy
20230702151329.jpg, unhealthy
20230702145412.jpg, healthy
20230702151842.jpg, unhealthy
20230702152422.jpg, unhealthy
20230623161124.jpg, unhealthy
20230622105614.jpg, healthy
20230623155450.jpg, unhealthy
20230623161050.jpg, healthy
20230622105402.jpg, unhealthy
20230702144650.jpg, healthy
20230702144122.jpg, healthy
20230702150619.jpg, healthy
20230702151507.jpg, unhealthy
20230702154319.jpg, healthy
20230702145214.jpg, unhealthy
20230709142620.jpg, healthy
20230702154442.jpg, healthy
20230622104721.jpg, healthy
20230702144453.jpg, healthy
20230622105629.jpg, unhealthy
20230702145942.jpg, unhealthy
20230622110218.jpg, healthy
20230702144533.jpg, unhealthy
20230623153626.jpg, unhealthy
20230622105013.jpg, unhealthy
20230623154613.jpg, healthy
20230702151300.jpg, unhealthy
20230702144719.jpg, healthy
20230702151314.jpg, unhealthy
20230702152147.jpg, unhealthy
20230702143923.jpg, healthy
20230623155731.jpg, healthy
20230623160946.jpg, healthy
20230702154252.jpg, unhealthy
20230702150008.jpg, healthy
20230702145613.jpg, unhealthy
20230702145954.jpg, unhealthy
20230622104253.jpg, unhealthy
20230702150815.jpg, healthy
20230702153449.jpg, unhealthy
20230623161250.jpg, healthy
20230623161244.jpg, unhealthy
20230622104905.jpg, healthy
20230702150633.jpg, healthy
20230702150800.jpg, unhealthy
20230709142838.jpg, unhealthy
20230702150357.jpg, unhealthy
20230622110227.jpg, unhealthy
20230623154758.jpg, unhealthy
20230623153751.jpg, healthy
20230709143924.jpg, healthy
20230702145606.jpg, unhealthy
20230623161132.jpg, healthy
20230702152434.jpg, unhealthy
20230702150545.jpg, unhealthy
20230622105038.jpg, unhealthy
20230623154604.jpg, healthy
20230623161330.jpg, unhealthy
20230702152622.jpg, healthy
20230702145438.jpg, unhealthy
20230623155724.jpg, healthy
20230623154348.jpg, healthy
20230622104115.jpg, unhealthy
20230702145347.jpg, healthy
20230702153519.jpg, healthy
20230623155517.jpg, unhealthy
20230622105747.jpg, unhealthy
20230623161117.jpg, unhealthy
20230702154048.jpg, unhealthy
20230623154741.jpg, unhealthy
20230702150428.jpg, unhealthy
20230622105419.jpg, healthy
20230619-1.jpg    , unhealthy
20230702150602.jpg, unhealthy
20230702154303.jpg, healthy
20230702144104.jpg, unhealthy
20230702151521.jpg, healthy
20230702145554.jpg, healthy
20230702144138.jpg, healthy
20230622110029.jpg, unhealthy
20230622105342.jpg, unhealthy
20230702152216.jpg, healthy
20230702150415.jpg, unhealthy
20230702153134.jpg, healthy
20230702151737.jpg, healthy
20230702152404.jpg, healthy
20230623153832.jpg, healthy
20230702145622.jpg, unhealthy
20230622105020.jpg, healthy
20230623154620.jpg, healthy
20230623154634.jpg, unhealthy
20230702151455.jpg, healthy
20230623154436.jpg, unhealthy
20230622105550.jpg, unhealthy
20230709142940.jpg, healthy
20230623154408.jpg, unhealthy
20230623155716.jpg, unhealthy
20230702153526.jpg, healthy
20230702145422.jpg, healthy
20230702144700.jpg, unhealthy
20230623154805.jpg, unhealthy
20230622110201.jpg, healthy
20230702151721.jpg, unhealthy
20230619-2.jpg    , healthy
20230623153549.jpg, unhealthy
20230702151251.jpg, healthy
20230702153308.jpg, unhealthy
20230702145231.jpg, healthy
20230619-3.jpg    , healthy
20230702150833.jpg, unhealthy
20230622104711.jpg, unhealthy
20230702152201.jpg, healthy
20230702152349.jpg, unhealthy
20230623153819.jpg, healthy
20230622104856.jpg, unhealthy
20230623161317.jpg, healthy
20230702153533.jpg, healthy
20230623161303.jpg, healthy
20230709143318.jpg, healthy
20230702144513.jpg, healthy
20230702151650.jpg, healthy
20230702145631.jpg, healthy
20230623154814.jpg, unhealthy
20230622105621.jpg, healthy
20230623155459.jpg, healthy
20230702150406.jpg, healthy
20230623161059.jpg, healthy
20230619-7.jpg    , unhealthy
20230702150823.jpg, unhealthy
20230622104701.jpg, unhealthy
20230702153324.jpg, healthy
20230702153456.jpg, unhealthy
20230702151241.jpg, unhealthy
20230623154544.jpg, healthy
20230619-6.jpg    , healthy
20230702153126.jpg, healthy
20230709143735.jpg, unhealthy
20230709143906.jpg, unhealthy
20230709143127.jpg, unhealthy
20230623161138.jpg, healthy
20230623153607.jpg, healthy
20230702144710.jpg, unhealthy
20230623154418.jpg, healthy
20230623154356.jpg, unhealthy
20230622105540.jpg, unhealthy
20230702152602.jpg, unhealthy
20230702145430.jpg, unhealthy
20230702145356.jpg, unhealthy
20230622105756.jpg, healthy
20230623155328.jpg, unhealthy
20230623153759.jpg, healthy
20230623154750.jpg, unhealthy
20230702153118.jpg, unhealthy
20230623153942.jpg, unhealthy
20230622105805.jpg, unhealthy
20230622105352.jpg, healthy
20230623154552.jpg, healthy
20230619-4.jpg    , healthy
20230622110005.jpg, healthy
20230709142603.jpg, unhealthy
20230702151531.jpg, healthy
20230709143521.jpg, unhealthy
20230622105409.jpg, unhealthy
20230619-5.jpg    , healthy
20230702150809.jpg, healthy
20230702154058.jpg, healthy
20230709141928.jpg, unhealthy
20230623155739.jpg, healthy
20230702143915.jpg, healthy
20230623154427.jpg, healthy
20230622110117.jpg, unhealthy
20230702153546.jpg, unhealthy
20230622105718.jpg, unhealthy
20230622105056.jpg, unhealthy
20230623155414.jpg, unhealthy
20230623154722.jpg, healthy
20230702145913.jpg, healthy
20230702152512.jpg, unhealthy
20230702150846.jpg, unhealthy
20230702154412.jpg, unhealthy
20230702153355.jpg, unhealthy
20230702151542.jpg, healthy
20230702151556.jpg, healthy
20230702150648.jpg, healthy
20230702152739.jpg, healthy
20230702153427.jpg, unhealthy
20230623153514.jpg, healthy
20230702150853.jpg, unhealthy
20230702145709.jpg, unhealthy
20230702153157.jpg, unhealthy
20230623153851.jpg, unhealthy
20230702145325.jpg, unhealthy
20230702153553.jpg, unhealthy
20230622105527.jpg, unhealthy
20230623154333.jpg, unhealthy
20230622104605.jpg, unhealthy
20230622104613.jpg, unhealthy
20230622104149.jpg, healthy
20230702153223.jpg, unhealthy
20230702154202.jpg, healthy
20230702151811.jpg, unhealthy
20230702154000.jpg, unhealthy
20230622105647.jpg, unhealthy
20230702150306.jpg, unhealthy
20230623153933.jpg, healthy
20230623155601.jpg, healthy
20230622105451.jpg, healthy
20230702145521.jpg, healthy
20230702144602.jpg, healthy
20230622104941.jpg, healthy
20230709142101.jpg, unhealthy
20230709143551.jpg, healthy
20230622105322.jpg, unhealthy
20230623154536.jpg, healthy
20230623161002.jpg, healthy
20230622111155.jpg, healthy
20230622105120.jpg, healthy
20230622104216.jpg, healthy
20230702151623.jpg, unhealthy
20230702154029.jpg, unhealthy
20230702153949.jpg, unhealthy
20230709143343.jpg, unhealthy
20230622104158.jpg, healthy
20230702144000.jpg, unhealthy
20230702150713.jpg, unhealthy
20230622104831.jpg, healthy
20230702144014.jpg, healthy
20230623153842.jpg, unhealthy
20230709142529.jpg, healthy
20230709143031.jpg, unhealthy
20230702151753.jpg, unhealthy
20230622110059.jpg, healthy
20230623155610.jpg, healthy
20230702144612.jpg, unhealthy
20230623161238.jpg, unhealthy
20230702145530.jpg, unhealthy
20230623161205.jpg, unhealthy
20230622105333.jpg, healthy
20230702150458.jpg, healthy
20230623153923.jpg, unhealthy
20230622105657.jpg, unhealthy
20230622104549.jpg, healthy
20230702145647.jpg, unhealthy
20230709143839.jpg, healthy
20230702152139.jpg, unhealthy
20230622104818.jpg, healthy
20230702154212.jpg, healthy
20230623154453.jpg, healthy
20230702150909.jpg, unhealthy
20230623154445.jpg, healthy
20230702151340.jpg, healthy
20230622110304.jpg, healthy
20230623155405.jpg, healthy
20230623161039.jpg, healthy
20230709143754.jpg, unhealthy
20230623155820.jpg, unhealthy
20230702154402.jpg, unhealthy
20230623161213.jpg, healthy
20230702152729.jpg, healthy
20230702145240.jpg, unhealthy
20230623153505.jpg, healthy
20230623161010.jpg, healthy
20230702153146.jpg, healthy
20230702153608.jpg, healthy
20230623153707.jpg, healthy
20230623154732.jpg, healthy
20230709143153.jpg, healthy
20230702152310.jpg, healthy
20230702145446.jpg, healthy
20230702153230.jpg, unhealthy
20230702150705.jpg, healthy
20230622110107.jpg, healthy
