filename,predicted_label,score
IMG20250622172727_jpg.rf.6a3ad912319ad647455954103dc91b76.jpg,healthy,0.4631880819797516
IMG_20250622_171922_089_jpg.rf.11cbe3380ddef7303f0185dc9e2bc153.jpg,healthy,0.2730826437473297
IMG_20250622_171625_732_jpg.rf.02eef0b72bb00af8345bb5c040d1ea64.jpg,healthy,0.48718756437301636
IMG20250622172338_jpg.rf.76abfd2de0e76a9dba50394903c765b2.jpg,healthy,0.36743825674057007
IMG_20250622_172636_707_jpg.rf.d862a4c354324563caa8591a9a153b98.jpg,healthy,0.30271434783935547
IMG20250622151459_jpg.rf.3cd83687285dd1d81a55491bbd75b861.jpg,healthy,0.4792476296424866
IMG_20250622_172704_092_jpg.rf.72696faaae219e2b0e1a54818a087aaf.jpg,healthy,0.2928199768066406
IMG20250622171805_jpg.rf.0ae5e3840ad264f0a2d1fe4cf7ec9dbb.jpg,healthy,0.23641914129257202
IMG_20250623_033320_269_jpg.rf.22fa2d74e37c869b53b2fa8b9a44d7b5.jpg,healthy,0.21273723244667053
IMG_20250622_172919_227_jpg.rf.22c136fc7f0e717d9c0e81311b6edb59.jpg,healthy,0.33581238985061646
IMG20250622171721_jpg.rf.5b9be7b93d890b1e259043dc7cbf019f.jpg,healthy,0.17581412196159363
IMG_20250622_172827_199_jpg.rf.eb8c88c39499e6e119f9d819c8773ff1.jpg,healthy,0.10175095498561859
IMG_20250622_171632_654_jpg.rf.bfe339373be6c23ab7fa2e8343cfc9d3.jpg,healthy,0.27457672357559204
IMG_20250622_172629_533_jpg.rf.b88893ae5894b0db997d0881caebd862.jpg,healthy,0.12656211853027344
IMG_20250622_171851_296_jpg.rf.8b6ddce736a82922b48cab3a7d83dcc2.jpg,healthy,0.3302944302558899
IMG_20250622_171605_819_jpg.rf.efc4c796bf930fdcece17875b68cbd6b.jpg,healthy,0.2677449882030487
IMG20250622171726_jpg.rf.a555086eaa6dfecce3f9e3cec2047791.jpg,healthy,0.4108484387397766
IMG_20250622_171819_499_jpg.rf.4237d539666b9db36f6d3f0eb7fc1b9f.jpg,healthy,0.4171885550022125
IMG_20250622_171822_298_jpg.rf.a51a6edf4ae7e79e94301dc2cb983de1.jpg,healthy,0.33928683400154114
IMG_20250623_033707_248_jpg.rf.b3b169b9a74c45a8b396f9c059db64eb.jpg,healthy,0.317343145608902
IMG_20250622_172714_539_jpg.rf.ac5f01dae7a9439b39837cbb8cc3d43b.jpg,healthy,0.15232005715370178
IMG_20250622_172631_379_jpg.rf.5450f3168704c17fd059a875330adfa6.jpg,healthy,0.3803682029247284
IMG_20250617_140613_633_jpg.rf.9efbfbafb7d8c7470ef1b57735d7510d.jpg,healthy,0.49671852588653564
IMG_20250617_130316_982_jpg.rf.aaf9f1993e600670ea186c94d19fb8e2.jpg,healthy,0.21777908504009247
IMG20250622172505_jpg.rf.7f9cc9d873f41d8f657be90c2c71b58e.jpg,healthy,0.2541792392730713
IMG_20250622_172317_465_jpg.rf.c63acf54d8dafe3cdb2d40b3a3cdc0e8.jpg,healthy,0.35066428780555725
IMG_20250622_172502_838_jpg.rf.c263df7cb5b46c72761e4a0949fd25a2.jpg,healthy,0.44617295265197754
IMG20250622172949_jpg.rf.145ed1f1ed4f05a3e042b44847323a7e.jpg,healthy,0.37621212005615234
IMG_20250622_172628_634_jpg.rf.27006fdce469677efa123b059882a6a1.jpg,healthy,0.3027191758155823
IMG_20250617_130242585_BURST0009_jpg.rf.f3d64fa51c82740de7b1a343d23b6fa2.jpg,healthy,0.4343547523021698
IMG_20250623_033224_955_jpg.rf.835e8b561f05ffbb2d28bae52efdc728.jpg,healthy,0.17944860458374023
IMG_20250622_171117_539_jpg.rf.9f30b2bca781deb08646c564a3995203.jpg,healthy,0.4037032425403595
IMG_20250622_172524_295_jpg.rf.a494d226d67019f3c7c8fc4a9f245a47.jpg,healthy,0.4784805178642273
IMG_20250622_170136_085_jpg.rf.d5590d693407804ba936bda26ca139aa.jpg,healthy,0.49140462279319763
IMG_20250617_130242585_BURST0015_jpg.rf.77ad4c038fd88e41931f0bef4f02226a.jpg,healthy,0.329121857881546
IMG_20250622_171757_855_jpg.rf.4e40829bc944ec7525c5de26e80dbbeb.jpg,healthy,0.3671185076236725
IMG_20250623_033458_546_jpg.rf.7396b3214bea9ac31aaccebc76a89153.jpg,healthy,0.16990502178668976
IMG_20250622_172508_406_jpg.rf.d036aa560b9358257a4c684b3ddb6e5f.jpg,healthy,0.3822067975997925
IMG_20250623_033646_860_jpg.rf.af14b36ac98fe6a2aeac55ccbfc367a8.jpg,healthy,0.35124045610427856
IMG20250622172426_jpg.rf.0951a1da3927892e881d7893c41b61b5.jpg,healthy,0.18596315383911133
IMG_20250617_130242585_BURST0001_COVER_jpg.rf.3804f66dfb4c5cd55c2b9f58f032d02d.jpg,healthy,0.45508241653442383
IMG_20250617_130335_802_jpg.rf.57412c0b7114ee2cdb86299ee883585f.jpg,bad,0.610939085483551
IMG_20250617_130439_614_jpg.rf.24cfdb9bf0661449befa78a997719e22.jpg,bad,0.543664813041687
IMG_20250617_140649_649_jpg.rf.4fd9775a89ab8bbae3553e20193e4350.jpg,bad,0.5079915523529053
IMG_20250622_172559_457_jpg.rf.5bc4a801b64c1bc601028134f3a65996.jpg,healthy,0.3331708610057831
IMG_20250617_130317_055_jpg.rf.5574450591d86f153739e78970504bc5.jpg,healthy,0.1923411339521408
IMG_20250622_172702_739_jpg.rf.adbef35d20cbc2ee704403fff6b2f65e.jpg,healthy,0.22176732122898102
IMG_20250617_130351_964_jpg.rf.076ac28883cf0ea2f0090a386d1215f2.jpg,bad,0.505405843257904
IMG_20250622_171236_856_jpg.rf.e8fd59976c1f5b0f4299aa8673b39e88.jpg,healthy,0.361145943403244
IMG_20250622_171633_403_jpg.rf.9cdc73195db2c2573ab560f9437de3ec.jpg,healthy,0.25405576825141907
IMG_20250623_033241_111_jpg.rf.84ff5d970a007a23c5203d344b223519.jpg,healthy,0.21031901240348816
IMG_20250622_171119_326_jpg.rf.d2555272467a083ab9e07e2488ca8f3c.jpg,healthy,0.2948821187019348
IMG_20250617_130358_371_jpg.rf.93bdade4260543cea1d80a0a4fc75bde.jpg,healthy,0.30142858624458313
IMG_20250622_171640_592_jpg.rf.7d389a288c63183a1fc792b7011fb1ba.jpg,healthy,0.2656102776527405
IMG20250622172833_jpg.rf.8614b505bdc9d01f583bf5e37057c57c.jpg,healthy,0.24155232310295105
IMG_20250622_171159_152_jpg.rf.ddef3e0fc6effbdf7541092836eaaa5f.jpg,healthy,0.21925175189971924
IMG_20250617_130332_395_jpg.rf.d442fbbff8248a3e84b21da8b7dea062.jpg,healthy,0.24856974184513092
IMG_20250622_172443_736_jpg.rf.3399be8c24d6da3c900eda62f62f98dc.jpg,healthy,0.4806957244873047
IMG20250622172918_jpg.rf.bce537e8d64ea0532063bf46e09902fe.jpg,healthy,0.19565893709659576
IMG_20250622_172445_512_jpg.rf.a6ee12adce3d5249a0e8c967df3176b1.jpg,healthy,0.4510003924369812
IMG_20250617_130333_958_jpg.rf.fadda758f22f0bfdd974124a532df4a4.jpg,healthy,0.3669978380203247
IMG_20250617_130325_392_jpg.rf.b61e0e468e3f56fd19b30975360be222.jpg,healthy,0.3312796354293823
IMG20250622172427_jpg.rf.aa3d438cfaabc2d73163bdfdc32aa67c.jpg,healthy,0.1490151435136795
IMG20250622172657_jpg.rf.ddf71801efb2d5273773adec29e023e3.jpg,healthy,0.3623822033405304
IMG_20250622_172610_143_jpg.rf.d5056227e8546489c6e9be7bc962118e.jpg,healthy,0.429746150970459
IMG_20250622_172718_519_jpg.rf.75aaa0c5b2fbda9d7ab55cbc758fd9ef.jpg,healthy,0.12961573898792267
IMG_20250622_171713_966_jpg.rf.1d30356680f66939ee5c06fcf2862593.jpg,healthy,0.49401503801345825
IMG_20250622_172459_774_jpg.rf.a1fd844903912715dd868f67dc8ba582.jpg,healthy,0.4210154414176941
IMG20250622172335_jpg.rf.b440ccd9f862569a6a80ab760d80de31.jpg,healthy,0.3464330732822418
IMG20250622171642_jpg.rf.c5839eb4783d8b7b0038364a129c46e8.jpg,healthy,0.2864863872528076
IMG_20250622_171630_638_jpg.rf.72860c8906e7945d18ffcdeaa3b92f16.jpg,healthy,0.22580218315124512
IMG_20250622_172325_027_jpg.rf.b2fd165a9023160131faf7a046cb0f74.jpg,healthy,0.38877543807029724
IMG_20250622_172732_932_jpg.rf.475cf5b60b2850dda0d89cb38792944f.jpg,healthy,0.13294492661952972
IMG20250622171610_jpg.rf.f9a6a1a25ab80c2da2cc0d60a1b00713.jpg,healthy,0.19646874070167542
IMG_20250622_171637_048_jpg.rf.ef8b11820b2901e608d14c53e00ee2de.jpg,healthy,0.21856974065303802
IMG_20250622_172911_821_jpg.rf.0c12d7b9cc14870646b4d97d57685140.jpg,healthy,0.17253819108009338
IMG20250622171857_jpg.rf.ea43e2586995b4d5487592f4b9c097de.jpg,healthy,0.2782241702079773
IMG_20250617_130242585_BURST0006_jpg.rf.ec09307f0a0144c2f2529dfe301fde17.jpg,healthy,0.4587561786174774
IMG_20250622_171800_507_jpg.rf.5a1b4f4ae9e2516c66c7cf102420baaf.jpg,healthy,0.3004836440086365
IMG20250622172922_jpg.rf.d0d21f2be1c6bb7e57ddda11d05572ca.jpg,healthy,0.35295432806015015
IMG_20250623_033136_529_jpg.rf.800570598a0aa2b196600e37df6e6262.jpg,healthy,0.3586834669113159
IMG_20250622_172446_733_jpg.rf.366af595af08ba5211a5abc78d0b5d3c.jpg,healthy,0.27182304859161377
IMG_20250622_171914_512_jpg.rf.ae5ecf83df59978958d3cce0c8481d75.jpg,healthy,0.43086305260658264
IMG_20250622_171623_543_jpg.rf.657c8371172262acfd3614e7613e6ab4.jpg,healthy,0.35101887583732605
IMG_20250622_172315_403_jpg.rf.771d92701621e14c410d0577404a91de.jpg,healthy,0.45413869619369507
IMG20250622172938_01_jpg.rf.4457a23598323cb04d369deb7133e757.jpg,healthy,0.1081448644399643
IMG_20250622_171853_414_jpg.rf.81089e57730eeedb754166f0d76c9406.jpg,healthy,0.38151246309280396
IMG_20250622_171817_459_jpg.rf.e92a9d25949365e3edb6c224a86b9b63.jpg,healthy,0.3322915732860565
IMG20250622171640_jpg.rf.d3ada68ff052df70a9ab141a0efa80b4.jpg,healthy,0.30947843194007874
IMG_20250622_171621_642_jpg.rf.1d31514d1707a9e0b907465cd918c440.jpg,healthy,0.24114640057086945
IMG_20250622_172308_454_jpg.rf.327125a22c9924a134398b110cf0d413.jpg,healthy,0.37205490469932556
IMG_20250622_172309_968_jpg.rf.ea959fa04869da01bffa2ff15b89d181.jpg,healthy,0.4544644355773926
IMG_20250622_172543_292_jpg.rf.83252549d0bd149837620e7539817164.jpg,healthy,0.3449562191963196
IMG_20250617_130242585_BURST0018_jpg.rf.4f85aaecc512d05f641db59aca7b5754.jpg,healthy,0.4305320978164673
IMG_20250617_130324_446_jpg.rf.6f5606f170d656b2400cb2be08bfe52b.jpg,healthy,0.3835097551345825
IMG_20250623_033156_171_jpg.rf.511b81c56a7a55f23847934d71d17cbc.jpg,healthy,0.20906893908977509
IMG20250622172315_jpg.rf.e02a1df2c27600201aa1a958a37a6602.jpg,healthy,0.23940415680408478
IMG_20250622_172525_404_jpg.rf.f1db4e2d3f47e57742247e60f1e9d1d1.jpg,healthy,0.4231756627559662
IMG20250622172836_jpg.rf.bf5cbed07db28735a7786d483500831e.jpg,healthy,0.3914293050765991
IMG_20250622_171558_881_jpg.rf.ebb40775fbe77814af7d4eefb1febecf.jpg,healthy,0.2675982713699341
IMG_20250622_172723_057_jpg.rf.411af660f88f6fb7b33fe582e8406189.jpg,healthy,0.2079431563615799
IMG_20250622_172917_293_jpg.rf.b9e910822faaf8adb37c99bd63970b62.jpg,healthy,0.3849778175354004
IMG_20250622_171223_327_jpg.rf.6b2215974e126b626a7af525f5eddf81.jpg,healthy,0.15673315525054932
IMG_20250617_130242585_BURST0020_jpg.rf.817dd9d8fb2914d347b96a82bd4b3c4c.jpg,healthy,0.36525052785873413
IMG_20250622_171926_521_jpg.rf.b8b0aa7a0da89c144897be7f8d16dffc.jpg,healthy,0.3151758015155792
IMG_20250622_171241_813_jpg.rf.699bc88d0798a03ec26bd7cc405137f8.jpg,healthy,0.20180180668830872
IMG_20250622_172311_209_jpg.rf.6b943e2f2f11e2384dee072404863136.jpg,healthy,0.45792821049690247
IMG_20250622_171806_885_jpg.rf.571ff25ed95bbc45d25d28b462d19dc9.jpg,healthy,0.4780110716819763
IMG20250622171618_jpg.rf.40e10a8265d117f0f348074ea620490b.jpg,healthy,0.22407355904579163
IMG_20250622_171918_130_jpg.rf.4e1dbc1dc72abbf644bcd948d4621b2d.jpg,healthy,0.3261035978794098
IMG_20250622_172323_066_jpg.rf.778e925a3bc28c7be862de36c06ad256.jpg,bad,0.5491343140602112
IMG_20250622_171755_279_jpg.rf.0a03e9a7510adcd175e7c485e62ba82e.jpg,healthy,0.41081809997558594
IMG_20250622_172601_920_jpg.rf.05847f89ee17ed9eaabe65b780964ed1.jpg,healthy,0.2893371284008026
IMG20250622171634_jpg.rf.4bf33d14f03db6fc537e48267003f4ae.jpg,healthy,0.21733374893665314
IMG_20250622_171728_887_jpg.rf.b339a4e5505be35b00a77a54c32ec28c.jpg,healthy,0.28299805521965027
IMG_20250622_171715_191_jpg.rf.ea2f7ee45da28dcec59a1a4e88a2b508.jpg,bad,0.502626895904541
IMG20250622171940_jpg.rf.d6a84639961f485942dadc7f74b61128.jpg,healthy,0.2736211121082306
IMG20250622172929_jpg.rf.255920130894bbdb539031c4afe1bd03.jpg,healthy,0.07201521843671799
IMG_20250617_130336_045_jpg.rf.d400b886ce170a0b21f9b766f51a2b44.jpg,healthy,0.27042120695114136
IMG_20250622_171716_608_jpg.rf.cd9b73900802d104d9e1c5d4eb5564ad.jpg,healthy,0.39708733558654785
IMG20250622172416_jpg.rf.c80c18e558257342cbe4d7738fec1d69.jpg,healthy,0.14604420959949493
IMG20250622172947_jpg.rf.9488cb87adfe2ff4d9fad90bb8b425a1.jpg,healthy,0.17165614664554596
IMG_20250622_172710_193_jpg.rf.28dd7928de939894aa9ae79e0415a777.jpg,healthy,0.14507406949996948
IMG20250622172611_jpg.rf.48de27217ed036a83b1bed502c82fdf6.jpg,bad,0.5383079051971436
IMG_20250617_130242585_BURST0017_jpg.rf.ca1ebad8916d49ad647f39b34e6e060a.jpg,healthy,0.4348140358924866
IMG_20250623_033152_111_jpg.rf.e9554af8faca5e1caec1b50c687f8155.jpg,healthy,0.15181811153888702
IMG_20250622_172724_560_jpg.rf.ebf5fd9788f802859f8012db93410eff.jpg,healthy,0.21065650880336761
IMG20250622171750_jpg.rf.74ce7fbb2231d0ec4f2abf7e0b71922b.jpg,healthy,0.3453533947467804
IMG_20250622_170045_499_jpg.rf.268f989bdb9ffc06cd68d537b29d7d77.jpg,healthy,0.23966757953166962
IMG20250622172930_jpg.rf.c5f51ffd8316dcb03642d6859b8958d0.jpg,healthy,0.13734182715415955
IMG_20250622_172823_687_jpg.rf.fa9004fbaf2e51d2e3c34961555058c1.jpg,healthy,0.16020479798316956
IMG20250622172616_jpg.rf.3f43562e62998c31bf538710fcd295fb.jpg,healthy,0.20117045938968658
IMG_20250622_172454_043_jpg.rf.e7acfa03ccf91ab37e30275a9bd9e160.jpg,healthy,0.4954734444618225
IMG20250622172938_jpg.rf.9f5543d1a6e22ee633fbce00cb1bb7ce.jpg,healthy,0.10531115531921387
IMG_20250622_171751_716_jpg.rf.2d6f2f16ee4a4c8e805e259ccec6726e.jpg,healthy,0.33313003182411194
IMG_20250622_151130_055_jpg.rf.e6b627e555404a588e05b9a037a35f04.jpg,healthy,0.2805023193359375
IMG_20250622_172852_870_jpg.rf.776915e2aa744c64715847ab45cb361e.jpg,healthy,0.33820462226867676
IMG_20250622_171817_251_jpg.rf.7cd975a8632a912246490c52d3667d73.jpg,healthy,0.273795485496521
IMG_20250622_172635_964_jpg.rf.c12b49d80fab1f79e6f822cff8aae959.jpg,healthy,0.113348588347435
IMG_20250622_171642_422_jpg.rf.0df0e2010e9d3564f4f53c1a0c173bc0.jpg,healthy,0.251308411359787
IMG_20250622_172316_645_jpg.rf.b2f0724f090c997d4098c3f08dfa4e52.jpg,healthy,0.33644619584083557
IMG_20250622_171232_293_jpg.rf.f2de33ccd953a7a04f9a861f64d7f149.jpg,healthy,0.17167025804519653
IMG_20250622_171229_831_jpg.rf.1004dee8a7455481f41297a791508a7d.jpg,healthy,0.35615867376327515
IMG_20250617_140645_429_jpg.rf.ada8d78d422ff13c75f951f6956a801b.jpg,healthy,0.39458149671554565
IMG_20250623_033820_102_jpg.rf.c0edc30dbaf3ad79c4574196b2a9cf22.jpg,healthy,0.3579240143299103
IMG_20250622_170101_883_jpg.rf.d575b38e2b40133cb161bfe9f742d418.jpg,healthy,0.2057807594537735
IMG20250622151039_jpg.rf.6d7436b9663bdf111c54fd1f1d8cc01c.jpg,healthy,0.27217575907707214
IMG_20250622_172321_370_jpg.rf.e360983472d6e9fdb1a1265649e9f340.jpg,bad,0.5090086460113525
IMG_20250622_171910_438_jpg.rf.c77538d2c8797af3c108f60b4d8c4ae2.jpg,healthy,0.270495742559433
IMG_20250623_004638_006_jpg.rf.2f37d587af2923769791773187a57004.jpg,healthy,0.36036980152130127
IMG20250622151348_jpg.rf.5586cd0883bad2ae77e85b65f3d28d39.jpg,bad,0.5386577844619751
IMG_20250622_172308_842_jpg.rf.ec72988b1c2153637c15829d0ed97bf2.jpg,healthy,0.3420224189758301
IMG_20250617_130242585_BURST0004_jpg.rf.6f396a75fa18a12b168be2569e2ed089.jpg,healthy,0.46059340238571167
IMG_20250622_172312_583_jpg.rf.4e28506d955716b10a1e6f934aa545e0.jpg,healthy,0.3773171901702881
IMG_20250622_172645_922_jpg.rf.5b3abc55c319fd3ef1e9fbe403d46c76.jpg,healthy,0.3027051091194153
IMG_20250622_172525_963_jpg.rf.d37ac9858eaf26a02f5c1e29efee1bd9.jpg,healthy,0.4493963420391083
IMG20250622172931_jpg.rf.503f136857d7caf7296a92063e9c0dbb.jpg,healthy,0.16401971876621246
IMG_20250622_172434_241_jpg.rf.71c3f2aa4f463521c6d5c2c3e01b0def.jpg,healthy,0.29720789194107056
IMG20250622171725_jpg.rf.8b60ce277f4e22d462c5237841a61b5b.jpg,healthy,0.4218319058418274
IMG_20250622_172645_241_jpg.rf.3a5b60726a3a8b84491c32f90e43ddae.jpg,healthy,0.2423803061246872
IMG_20250622_170055_274_jpg.rf.e0f6a4f520094fcf834b685513a2774d.jpg,healthy,0.3326127231121063
IMG_20250622_171733_163_jpg.rf.d14a64a38f1b119dae0d1df91feefc59.jpg,healthy,0.2308272272348404
IMG_20250622_171602_551_jpg.rf.00d1578119a3ecf73b38e2b84c09c5a1.jpg,healthy,0.2781880497932434
IMG_20250622_172613_227_jpg.rf.a400962ff7e0509b52d2b7b3b48c5749.jpg,bad,0.5535575747489929
IMG_20250617_140711_893_jpg.rf.9438edf5abf42ef3b5a79a078ac49ef1.jpg,healthy,0.303638756275177
IMG_20250617_130352_418_jpg.rf.aebb569c5f68ec5150364e3f48cfd4a0.jpg,healthy,0.46704721450805664
IMG20250622172334_01_jpg.rf.413cb5df2652f0d0478d5dbf8ec71a99.jpg,healthy,0.1739473193883896
IMG20250622171722_jpg.rf.585dbe16b78a19f6bf0b60669f6435a6.jpg,healthy,0.31442996859550476
IMG_20250622_172448_091_jpg.rf.fc2173730004f1ed4a496c940dfa8b14.jpg,healthy,0.3161526322364807
IMG_20250622_171743_446_jpg.rf.d13be455feaaa1bd79742184ed12dcf9.jpg,healthy,0.3489435315132141
IMG_20250622_171917_557_jpg.rf.ef3e2d2763aeac049373f35d717c589e.jpg,healthy,0.4261707067489624
IMG20250622171933_jpg.rf.fc2f95288299522863597c2d1e125210.jpg,healthy,0.32410332560539246
IMG_20250622_171859_186_jpg.rf.f30b0def0a403ba7a0c60df049eb24dd.jpg,healthy,0.25794047117233276
IMG_20250622_170051_754_jpg.rf.3d98770a0f92ce0cbf21b660f116959c.jpg,healthy,0.39136725664138794
IMG20250622172402_jpg.rf.c0a65b864d695149b4fa3e645a5cd200.jpg,healthy,0.21883107721805573
IMG20250622172325_jpg.rf.e7cd1c017cc768231cab3a1932f7ff82.jpg,healthy,0.14133109152317047
IMG20250622172937_jpg.rf.a1eea750bb89af4ba6a8d0ddacf7a2e9.jpg,healthy,0.12942750751972198
IMG_20250622_171007_031_jpg.rf.008fb38fb0da9b44807e31fe2422177a.jpg,healthy,0.46078330278396606
IMG_20250623_004630_390_jpg.rf.408c1f314e6f2bbb816ae603f54bf09a.jpg,healthy,0.21497543156147003
IMG_20250622_171915_224_jpg.rf.164001d5d0bc4da2b5daae5123bc492f.jpg,healthy,0.39441147446632385
IMG_20250622_171758_435_jpg.rf.0ecb4b93dc77d434e217762beaf1854f.jpg,healthy,0.33047372102737427
IMG_20250623_033316_965_jpg.rf.bc5098d56c1205f1f54913de34e184b2.jpg,healthy,0.208566814661026
IMG_20250617_140707_558_jpg.rf.510f193408d844d8936af448e3926b64.jpg,healthy,0.18121834099292755
IMG_20250622_172329_021_jpg.rf.b927a10f158d71b7061dc1cda0fc60d0.jpg,healthy,0.30519866943359375
IMG_20250622_171742_605_jpg.rf.f7fa8cf201a8f893801db82c1574969d.jpg,healthy,0.3311478793621063
IMG_20250622_172905_132_jpg.rf.57f913df815e6925c942aa2c8d7c214a.jpg,healthy,0.3978341519832611
IMG20250622151534_jpg.rf.c917497362045f334aff750d036a653e.jpg,healthy,0.3383715748786926
IMG_20250622_171552_521_jpg.rf.a26588c348402ab6a3d4b81baa9eb30a.jpg,healthy,0.3507643938064575
IMG_20250622_172647_618_jpg.rf.9b232e58a087b58192b04ae20fbdc8d7.jpg,healthy,0.3618689775466919
IMG_20250622_172836_399_jpg.rf.bcca87356be1c328e77f40ff9bc93f3b.jpg,healthy,0.333899587392807
IMG_20250622_172919_033_jpg.rf.720690646e018bd2c4f3d67f92a3bb0e.jpg,healthy,0.1457141637802124
IMG20250622150820_jpg.rf.a3b1363f6474598d0275a0fb26c2762d.jpg,healthy,0.09873328357934952
IMG_20250622_171647_623_jpg.rf.ce80f9ab643ecb09ac4f058de18ccaaf.jpg,healthy,0.2917247712612152
IMG_20250623_033520_862_jpg.rf.faf732002437bd3ce90e160b214df978.jpg,healthy,0.2126130759716034
IMG_20250622_172310_888_jpg.rf.94a416f9341ac6ed17dcb94af91c04dd.jpg,healthy,0.4701491892337799
IMG20250622172927_jpg.rf.4c9e5c28c029713867c30791e1447c1d.jpg,healthy,0.1683831363916397
IMG_20250622_171820_144_jpg.rf.a89fcb57f14faaa8e3540b392fafc0b6.jpg,healthy,0.3222010135650635
IMG_20250622_171634_312_jpg.rf.91f69de44d8a9e73aaaefd47a02e1cb2.jpg,healthy,0.2445237785577774
IMG_20250622_171915_888_jpg.rf.e39ccd635c411b0a94b96b7f04819deb.jpg,healthy,0.30384883284568787
IMG_20250622_171227_556_jpg.rf.f0b6e5fd14467307727861db39a68952.jpg,healthy,0.3084437847137451
IMG_20250622_171747_353_jpg.rf.09d164160edb9e8216d09bc7260010d9.jpg,healthy,0.39638423919677734
IMG_20250622_172653_403_jpg.rf.03957b3b5d38f08e730916026863e338.jpg,healthy,0.06923868507146835
IMG_20250622_171628_325_jpg.rf.1f6f8f13b532061f8ebc9acdbbd7bff0.jpg,healthy,0.2583847641944885
IMG_20250622_171908_084_jpg.rf.bca58959f6793240a6c834ef2abb9211.jpg,healthy,0.20931528508663177
IMG20250622171829_jpg.rf.2816e946e83a9eecf559ac9817b6ab08.jpg,healthy,0.08280781656503677
IMG_20250622_172649_863_jpg.rf.2d5b9a4a76e5c8d56cb603b1ab65e035.jpg,healthy,0.1859252154827118
IMG_20250622_171856_944_jpg.rf.2c37fec97afaca74037518d264996f14.jpg,healthy,0.30257007479667664
IMG_20250622_172853_178_jpg.rf.d9b16d0a9110bcc08de9b98477ce52df.jpg,healthy,0.31528326869010925
IMG_20250617_140620_810_jpg.rf.554b2f7b1bba2bbbd1b3a33003771f95.jpg,healthy,0.4207468330860138
IMG_20250617_140618_257_jpg.rf.c46e9b29ec90f04930e51caf1b465b3a.jpg,healthy,0.17080754041671753
IMG_20250622_171139_819_jpg.rf.20514ccc92a8face4f6d0b97ea7e89bc.jpg,healthy,0.19954955577850342
IMG_20250622_171646_849_jpg.rf.4e055ffe6712cabd4caa778fed01262c.jpg,healthy,0.28253722190856934
IMG_20250617_130242585_BURST0012_jpg.rf.db8c7fc83f4fe055c66683d101ecf707.jpg,healthy,0.378887414932251
IMG_20250617_130242585_BURST0003_jpg.rf.06ebe3784868a086a7527f9bd4f17066.jpg,healthy,0.42588010430336
IMG_20250622_171727_227_jpg.rf.4626a253a9e27baacb9907e3073857bf.jpg,healthy,0.25003015995025635
IMG20250622172316_jpg.rf.426bc5b7b01265557df431674f36b9e0.jpg,healthy,0.26652711629867554
IMG_20250622_172842_949_jpg.rf.05bf489d49fdcb7872d4e5ddabdbb534.jpg,healthy,0.26233363151550293
IMG_20250622_171627_805_jpg.rf.6ca27a7f919c32810447871748a7bcaf.jpg,healthy,0.25081735849380493
IMG_20250623_033737_785_jpg.rf.6366b4d2c723d29100e34ec09c24dd1a.jpg,healthy,0.373833566904068
IMG_20250617_130432_049_jpg.rf.0fd629036c7edacdd39360aa3d39c869.jpg,healthy,0.22667695581912994
IMG_20250617_140730_474_jpg.rf.df37f2a51054819de6acacb9796d2b83.jpg,healthy,0.46258968114852905
IMG20250622171926_jpg.rf.785fa22428f552b96179e2dbf1a49518.jpg,healthy,0.3115747272968292
IMG20250622172424_jpg.rf.def1575f5c133a4747f44f2bcff50dfa.jpg,healthy,0.17539232969284058
IMG_20250617_140626_307_jpg.rf.7c8f14e9e60d2231a32468bda36c605a.jpg,healthy,0.28263628482818604
IMG_20250622_171852_893_jpg.rf.56acaf869ccb6834633f688e28052111.jpg,healthy,0.460776686668396
IMG_20250622_172616_517_jpg.rf.7a820e4e726d1edfd7c6e902c5d3063f.jpg,healthy,0.15957745909690857
IMG20250622172857_jpg.rf.4a3c5a7f1e19a42b1844bb6a41002990.jpg,healthy,0.1257288157939911
IMG_20250622_171615_855_jpg.rf.0fb8ccef99e5884e0f77d598e7e71c78.jpg,healthy,0.18523067235946655
IMG_20250622_171746_711_jpg.rf.27b24b790c494eb9f312acce1cacce9e.jpg,healthy,0.3761518895626068
IMG20250622172925_jpg.rf.63249149bf353c594cecc7d258a71684.jpg,healthy,0.2880198359489441
IMG_20250622_171125_600_jpg.rf.3dc60784cf1aca47f929266e0bdcf954.jpg,healthy,0.3644985556602478
IMG_20250622_171724_951_jpg.rf.ca5dce83c605336f0eff5029866521ab.jpg,healthy,0.1760738044977188
IMG20250622172821_jpg.rf.2b0a3415f9008155345e1c9b864d733c.jpg,healthy,0.36433273553848267
IMG20250622172444_jpg.rf.709bcdf0b0f4965522c9af894a91ed34.jpg,healthy,0.38627806305885315
IMG_20250617_140630_586_jpg.rf.81ab8c31fa9bab505814cac9b64a8ccd.jpg,healthy,0.2143523246049881
IMG_20250622_171821_412_jpg.rf.a6f44b7cc9c16edfd5921892c0af2904.jpg,healthy,0.4069853723049164
IMG_20250622_171017_619_jpg.rf.b277144c5ecafeb4b58de764747b6d98.jpg,healthy,0.25167667865753174
IMG_20250622_172322_259_jpg.rf.dd118624d75c7b638e124e9a71ead834.jpg,bad,0.607272207736969
IMG_20250622_171137_759_jpg.rf.39da981cc5a9e5286dfda35a9e43bbb9.jpg,healthy,0.2010336071252823
IMG_20250622_151136_234_jpg.rf.4f9d234ec9a99d8dc12ce08e51cbd98b.jpg,healthy,0.31226223707199097
IMG_20250617_130342_574_jpg.rf.5895eca471cdd704678862f93bb815ca.jpg,healthy,0.18973666429519653
IMG_20250622_172620_688_jpg.rf.b6b431936043d37218d52dfb158c4cdb.jpg,healthy,0.19121955335140228
IMG20250622172432_jpg.rf.e806c1b58baeb161c766a7f869c1ff72.jpg,healthy,0.19111156463623047
IMG_20250622_171930_219_jpg.rf.e7737ed53a383232c68e7b1be823dc9c.jpg,healthy,0.312668114900589
IMG_20250623_004626_558_jpg.rf.7042a73e6502f377697d86ec5d9ac656.jpg,healthy,0.21197505295276642
IMG_20250622_172320_479_jpg.rf.43c06df1e0629a68cf7d7ac2213a8467.jpg,bad,0.514350414276123
IMG_20250622_171626_142_jpg.rf.bd1d531411820907f8598350c2b2a833.jpg,healthy,0.42160144448280334
IMG20250622171946_jpg.rf.9f4b0e8a47832e3d38871cf46855b85f.jpg,healthy,0.1913243681192398
IMG_20250617_140714_815_jpg.rf.b01ccc0a5f594ce43b2125b629c9dd7f.jpg,healthy,0.19224265217781067
IMG_20250622_172842_516_jpg.rf.d54f5779ebf434921a51b514f044547f.jpg,healthy,0.2682366371154785
IMG_20250622_171754_137_jpg.rf.85570af38bdc52474271ebdaf7fce2dd.jpg,healthy,0.39316117763519287
IMG_20250617_130441_652_jpg.rf.01e42ea370e792fa958a7790be97dd31.jpg,healthy,0.46335434913635254
IMG_20250622_172430_733_jpg.rf.119e3eaa07056a75efce372741265763.jpg,healthy,0.4159020781517029
IMG_20250622_171123_093_jpg.rf.42f5fa6aee5453b83ef306356b6fe403.jpg,healthy,0.47596436738967896
IMG_20250622_171731_597_jpg.rf.7943e2c4507dc65ffd9b93970461c7f4.jpg,healthy,0.4233825206756592
IMG20250622172640_jpg.rf.b76ef3ca464aaaa4b9a5ed1b62aa6193.jpg,healthy,0.3335149586200714
IMG_20250622_171921_189_jpg.rf.0d03aa2c3a73d86b36ad9fce3ea6dc46.jpg,bad,0.509462296962738
IMG_20250617_140702_934_jpg.rf.8813149415a1f674e5bc47caf1f949b0.jpg,healthy,0.1801692694425583
IMG_20250623_033133_308_jpg.rf.09394f171c7a586ca4e4ea2dc4c15739.jpg,healthy,0.27037838101387024
IMG_20250622_172607_816_jpg.rf.899121927383512470b26b315138f8d2.jpg,healthy,0.3095288872718811
IMG_20250617_140720_236_jpg.rf.9a3e8494dae8058a8c443e0e627bd3d2.jpg,healthy,0.36849910020828247
IMG_20250623_033456_774_jpg.rf.2e9e2364553c248e51d5347b083094a3.jpg,healthy,0.1594965010881424
IMG_20250622_171246_522_jpg.rf.80cb7a845430b397eab2ccbec3b7bc3c.jpg,healthy,0.13846620917320251
IMG_20250622_171933_269_jpg.rf.3a1307e7a881990e837c732358c19a3b.jpg,healthy,0.3449215292930603
IMG20250622171902_jpg.rf.fdc6438deacde08295ee2ebbcd99e9b5.jpg,healthy,0.38673239946365356
IMG_20250622_172649_053_jpg.rf.9a798317e8bba62edd3c79ac027c1282.jpg,healthy,0.24274888634681702
IMG_20250617_140635_860_jpg.rf.7a1b9ac86dda148a4e24e623d798cf07.jpg,healthy,0.3310934603214264
IMG20250622172911_jpg.rf.4319f709cc9b9aa2aaba032159f1a0c6.jpg,healthy,0.2358567714691162
IMG_20250623_033806_441_jpg.rf.dc0f3a84a0f2d26abdd2fa2a97335ca7.jpg,healthy,0.23225858807563782
IMG_20250623_033601_271_jpg.rf.b13065faf1f09be87edbbfdd48bfef65.jpg,healthy,0.1798042207956314
IMG20250622150947_jpg.rf.0d178b0155dc1b739454c0c64acb16e1.jpg,healthy,0.15961717069149017
IMG20250622171749_jpg.rf.b43e6488c108796f3a00812a87837c48.jpg,healthy,0.45146340131759644
IMG_20250622_172921_924_jpg.rf.891c24ea519a1c6999aeb4f5bab1937c.jpg,healthy,0.2725626528263092
IMG_20250617_140705_635_jpg.rf.dc5a0ae5620595d149470fae1ae3d04f.jpg,healthy,0.2547716498374939
IMG_20250617_140718_984_jpg.rf.1ae03e98b0a30a713f54975a34d595d1.jpg,healthy,0.41423913836479187
IMG_20250622_171052_243_jpg.rf.44bb26a5b324c6028199e66848656804.jpg,healthy,0.21357713639736176
IMG_20250622_172744_850_jpg.rf.e5ee3fc92515e4245afefcd403d4b551.jpg,healthy,0.37533965706825256
IMG20250622172339_jpg.rf.4fbe650503518aea7ab2948621137af1.jpg,healthy,0.2525894045829773
IMG_20250617_140642_930_jpg.rf.710989eb3143abd12ff434ad648219a7.jpg,healthy,0.44190821051597595
IMG_20250622_171631_492_jpg.rf.ecfb95e58a9ef5f06c0cd0d85c2a528d.jpg,healthy,0.17314860224723816
IMG_20250622_172642_354_jpg.rf.f43e943170fecc051742eda60080d181.jpg,healthy,0.21216842532157898
IMG_20250622_171751_130_jpg.rf.75065082e5181527c75ea5e62eafb790.jpg,healthy,0.2146257758140564
IMG_20250622_171731_104_jpg.rf.c7d2f33295f852cb8196bb274256cfed.jpg,healthy,0.39002835750579834
IMG_20250617_130242585_BURST0008_jpg.rf.c819d3c3c439f7365d917e59b30737ae.jpg,healthy,0.4598236382007599
IMG_20250622_172703_510_jpg.rf.8351220cddfc6daf6b2be79480725c7e.jpg,healthy,0.3409949839115143
IMG_20250617_130234_590_jpg.rf.cbd8696f0d0dad854d55416d07bbbea3.jpg,healthy,0.23288516700267792
IMG_20250617_130357_932_jpg.rf.198517aba110d0bf8961afafbc3de7cc.jpg,healthy,0.2844400405883789
IMG20250622172347_jpg.rf.446751bf26aa78d136b3697586bfc47c.jpg,healthy,0.17686356604099274
IMG20250622172933_jpg.rf.9b9b2f366b6b93b1ab3961d32d660194.jpg,healthy,0.11742987483739853
IMG20250622171913_jpg.rf.ed4f03ad868258103332fa2c84d6209f.jpg,healthy,0.27771222591400146
IMG20250622172506_jpg.rf.0807d512ce6e751dac4f9351b113530a.jpg,healthy,0.2233717143535614
IMG_20250617_140717_752_jpg.rf.62b560dfd5909ac8729e039a6330edfc.jpg,healthy,0.27446943521499634
IMG_20250622_172627_627_jpg.rf.6d95d7d6670b2c5344b72915fc2692f1.jpg,healthy,0.33348509669303894
IMG_20250622_172441_959_jpg.rf.4b670ede56103f69dc29f9538e9d0a6f.jpg,healthy,0.3781231641769409
IMG_20250617_140728_257_jpg.rf.438a874a6acf1e98dd41ef85014c0ace.jpg,healthy,0.45313385128974915
IMG20250622172518_jpg.rf.270ee9ab60ce7c18649298d3310b7a3d.jpg,healthy,0.1577923446893692
IMG_20250622_172600_725_jpg.rf.1675e92a80b060fd2274e96018c075c3.jpg,healthy,0.2597118318080902
IMG_20250622_172505_185_jpg.rf.455e1a3e9b2ee60a51b915a9e25304c5.jpg,healthy,0.43147146701812744
IMG20250622151330_jpg.rf.1608fc1d451933e437190bc1a7e6f3a7.jpg,healthy,0.15164045989513397
IMG_20250622_172458_482_jpg.rf.1a4d66bb4430abb7f86a2d92e6e22aa2.jpg,healthy,0.34385308623313904
IMG_20250622_172630_540_jpg.rf.8b8e7dcb30259588a2cf8598cca75c3a.jpg,healthy,0.28907495737075806
IMG20250622172935_jpg.rf.e5cb1c25ed6e887b7d06267f808956cb.jpg,healthy,0.08453141897916794
IMG20250622171623_jpg.rf.16394bacc4d33d9490fcb17b31464f40.jpg,bad,0.5313358306884766
IMG_20250622_171643_248_jpg.rf.e8ddc5419d44cdf25242abb490012a03.jpg,healthy,0.3451564610004425
IMG_20250622_171207_998_jpg.rf.054d396ad35faf6b60e25dc3e279c501.jpg,healthy,0.41851773858070374
IMG20250622172528_jpg.rf.f7bb03622f2e880c79013eaff2887437.jpg,healthy,0.27221980690956116
IMG20250622172313_jpg.rf.9e6c975af8bbecf62201d6fe648d77fa.jpg,healthy,0.31424859166145325
IMG_20250622_171723_085_jpg.rf.07946b8201c55f3165b03c25f1713e53.jpg,healthy,0.2798084020614624
IMG20250622172747_jpg.rf.dd37df73427c5c100d11f3c83c96b74b.jpg,healthy,0.4952322840690613
IMG_20250622_172328_348_jpg.rf.832cd891760a13fc95cbbc17da385441.jpg,healthy,0.3625585436820984
IMG_20250622_172633_258_jpg.rf.9c861d68aaa3ee5459a30d61db84f34a.jpg,healthy,0.2044001966714859
IMG20250622172705_jpg.rf.cd84953f84f5545ba29eeef17fcf9b32.jpg,bad,0.5560305714607239
IMG_20250622_171818_532_jpg.rf.987d4bfd097428886f0a368f13f11e7a.jpg,healthy,0.21989160776138306
IMG_20250622_171756_326_jpg.rf.f3065ef8d638203c9b426394580b88d9.jpg,healthy,0.49549388885498047
IMG20250622171740_jpg.rf.af8356e53412e4dbb1d3b948e4afe035.jpg,healthy,0.2422706037759781
IMG20250622172846_jpg.rf.c67f90bbc048d61f515ba15135a9e339.jpg,healthy,0.3033212423324585
IMG_20250623_033238_030_jpg.rf.dc82783734d4bdf64fdb86aaa8107a6d.jpg,healthy,0.2339608520269394
IMG20250622172443_jpg.rf.fddc104af555bc0fc530def3025b5b91.jpg,bad,0.5329514145851135
IMG_20250617_130329_884_jpg.rf.fe464c1b9623176841bb0a83ab288672.jpg,healthy,0.11973311752080917
IMG20250622172817_jpg.rf.7b8580923a48b1e0e4b3eaa851cf3e91.jpg,healthy,0.20851299166679382
IMG20250622172540_jpg.rf.a58758490864785238c42156b1b24684.jpg,healthy,0.2161797434091568
IMG_20250623_033657_164_jpg.rf.5e2a0c3ca15a4786cf9c8694a8afbd76.jpg,healthy,0.20077160000801086
IMG_20250622_171758_931_jpg.rf.0203135dc4b6eb69d55445447ce54041.jpg,healthy,0.3198690712451935
IMG_20250622_171619_810_jpg.rf.b9eb4e7d0eb0c9ac3567b7e0a4394a79.jpg,healthy,0.21739572286605835
IMG_20250622_171801_072_jpg.rf.0856f51742a6679398c60e379659012f.jpg,healthy,0.4883665442466736
IMG_20250622_172539_935_jpg.rf.093076f425e5cf451ffe8f45cb079977.jpg,healthy,0.29323357343673706
IMG_20250622_172646_644_jpg.rf.17fa7736632a101ff54fa67c4f437acb.jpg,healthy,0.37983033061027527
IMG20250622172946_jpg.rf.cd080761a774640975686ea31d4aa6f6.jpg,healthy,0.19230762124061584
IMG_20250622_171638_273_jpg.rf.7c50345f2736c049da0487c006566bb6.jpg,healthy,0.2681555449962616
IMG_20250622_172641_108_jpg.rf.5d62b8132e5b2920413d8dd3d265bf3f.jpg,healthy,0.26480868458747864
IMG_20250622_172706_722_jpg.rf.109679591c14b97970e503229f4a590f.jpg,healthy,0.2772060036659241
IMG_20250622_171817_026_jpg.rf.40b52e451459b07f1d88981204cc9afd.jpg,healthy,0.35155555605888367
IMG20250622151350_jpg.rf.b9884d9c8bc11763ba0d3506fb5803a3.jpg,bad,0.5753397941589355
IMG_20250622_170933_716_jpg.rf.7b07147f88ffe249829bdcb4b4373864.jpg,healthy,0.3235720098018646
IMG_20250617_140551_281_jpg.rf.adf0223780ccd9165646a1116f4aa82b.jpg,healthy,0.35827234387397766
IMG_20250622_171717_063_jpg.rf.dbea3c4c89bc8b543ac8c06f088833d2.jpg,healthy,0.38345566391944885
IMG_20250622_172323_968_jpg.rf.80f6d669fde06b7573c0b50d978c1d58.jpg,bad,0.5576319098472595
IMG_20250622_172840_392_jpg.rf.c5517224e9099c8f9325d92cf6c0fb48.jpg,healthy,0.30377817153930664
IMG_20250622_172729_223_jpg.rf.f38df568d50964b304bd41dfc4ed848a.jpg,healthy,0.23340775072574615
IMG20250622172510_jpg.rf.e98620d0150d1d7484b9b93fe9952f15.jpg,bad,0.5821300745010376
IMG_20250622_172741_071_jpg.rf.8e41440aa06fcab4601b89aff853f668.jpg,healthy,0.26368266344070435
IMG_20250622_170014_201_jpg.rf.91300555a185714560556ca52a56e60c.jpg,healthy,0.31725701689720154
IMG_20250622_172616_164_jpg.rf.eb763d25a62b98974faa778d192e7f12.jpg,healthy,0.22119155526161194
IMG20250622172332_jpg.rf.9971bbfb7e83274bf2dfeb3fec6fc01e.jpg,healthy,0.2527938187122345
IMG_20250623_033227_470_jpg.rf.92248adbb919211d7a7d097963cf1d5a.jpg,healthy,0.17326107621192932
IMG_20250617_130234_520_jpg.rf.44c538126beeb44be2a5ba87e15ccb5c.jpg,healthy,0.301204115152359
IMG20250622172401_jpg.rf.9785ab4564ce4050dfdbe77f88688e94.jpg,healthy,0.16882392764091492
IMG20250622172454_jpg.rf.36a8b5f6ecf841c96efd6b2175d2f3b9.jpg,healthy,0.2038416862487793
IMG20250622172941_jpg.rf.f871558cd6c24247b1dc4801baf53965.jpg,healthy,0.07987529039382935
IMG_20250622_172913_822_jpg.rf.7c527a8cadaa2ee00cde84edcc229a27.jpg,healthy,0.1393757462501526
IMG_20250622_172503_556_jpg.rf.ebb55cbd750a4eb018a6f7e6b5da8bcf.jpg,healthy,0.4086596965789795
IMG20250622151341_jpg.rf.b79213006c2ff7dc18df9ae5012ff040.jpg,healthy,0.4014281928539276
IMG20250622172534_jpg.rf.a3e23cd9a494621009f5346ab9db9899.jpg,healthy,0.21410830318927765
IMG20250622171856_jpg.rf.cfd540d670cd576048ac503775c0ef40.jpg,healthy,0.38578230142593384
IMG_20250622_172439_813_jpg.rf.f77cf1192981fb043385822f202a15b8.jpg,healthy,0.29556190967559814
IMG_20250622_171807_812_jpg.rf.21076387e3ad443cf7b6de4bf3916fe0.jpg,healthy,0.36222708225250244
IMG_20250622_171721_067_jpg.rf.d6a4a4e1adf8620ff401e47a116ab240.jpg,healthy,0.26766732335090637
IMG20250622171910_jpg.rf.fd54aa674e3a3b2e2b6997f3c1f126a6.jpg,healthy,0.2554829716682434
IMG_20250622_172604_237_jpg.rf.bb5ed44dcd60346c78cc7d009cb15dfa.jpg,healthy,0.3905889689922333
IMG20250622150850_jpg.rf.94bcfb30eca96969c24f02c06b939e51.jpg,healthy,0.14758384227752686
IMG20250622171735_jpg.rf.c3939807e89e0b6279872dfdd2f22bb0.jpg,healthy,0.24398921430110931
IMG20250622151544_jpg.rf.01a5286f71ff9861102ec79d13f49c80.jpg,healthy,0.2328912764787674
IMG_20250622_171741_796_jpg.rf.0f516b3c2d53a444dabe8883b4447728.jpg,healthy,0.29111286997795105
IMG_20250622_172843_321_jpg.rf.25c518d46b3689ba763626e50b64e2ea.jpg,healthy,0.396129846572876
IMG_20250622_172428_819_jpg.rf.a609b2b4d00c99a909f4ed3835e28348.jpg,healthy,0.3252829909324646
IMG20250622172340_jpg.rf.6f68c0c35351916079731cd4a09a2e91.jpg,healthy,0.48865893483161926
IMG20250622172940_jpg.rf.4ec071ecd70cb14fb6aaffd1fb2131d1.jpg,healthy,0.0991491749882698
IMG_20250617_140716_306_jpg.rf.c1bdc7f20c3a71a957d1afd4e58d1155.jpg,healthy,0.35332557559013367
IMG20250622172441_jpg.rf.c0851034bb4bccd1d677029cc301726b.jpg,healthy,0.4967944622039795
IMG_20250617_130317_560_jpg.rf.f18347466e7597a64fab4832352533b2.jpg,healthy,0.3480186462402344
IMG_20250622_172435_959_jpg.rf.8580cf8078df148cb063c0aa6f93b40c.jpg,healthy,0.41793978214263916
IMG_20250622_171928_192_jpg.rf.fdbcec80998705f8a5e13779188ad4fb.jpg,healthy,0.4300650954246521
IMG_20250622_171059_748_jpg.rf.46ff47251bdf44805be3b6645517120a.jpg,healthy,0.19392624497413635
IMG20250622172936_jpg.rf.2282dc2a2592589587c3fab5b5f954c8.jpg,healthy,0.08883478492498398
IMG20250622171622_jpg.rf.b4495cfec3c2475d43b9115c6880f05a.jpg,healthy,0.489427775144577
IMG20250622151024_jpg.rf.36c847391f20a70d887e387c675c75b1.jpg,healthy,0.2595212459564209
IMG20250622172944_jpg.rf.95be364a813f10576045ab1515e9ea46.jpg,healthy,0.29775866866111755
IMG_20250622_172903_274_jpg.rf.81dca41b27a21595d1c308569e1b7153.jpg,healthy,0.3338753283023834
IMG20250622172733_jpg.rf.60077abcfa5f809af0feffff765e566a.jpg,healthy,0.4046138525009155
IMG20250622151118_jpg.rf.124dbd64367800ef95927f01f2f476e5.jpg,healthy,0.332475483417511
IMG20250622151500_jpg.rf.deb9020b5de861e0af573a1e726a9e5c.jpg,healthy,0.4394778907299042
IMG_20250617_130443_168_jpg.rf.666b8d1b984c5109bc96340cbf991ee7.jpg,healthy,0.34629228711128235
IMG20250622172314_jpg.rf.0107e422ecd8fe1cfd9071c18facb120.jpg,healthy,0.1951984167098999
IMG_20250622_171904_435_jpg.rf.cf7979ebceeaabf9d9a8a249b73f89d6.jpg,healthy,0.3534225821495056
IMG_20250622_172516_827_jpg.rf.efba61127de46b51bc994e779875fd1c.jpg,healthy,0.24028943479061127
IMG_20250622_171217_798_jpg.rf.b25dd10fd691a34f7ecab141bc31dc63.jpg,healthy,0.2638762593269348
IMG_20250622_171931_343_jpg.rf.a36d1c318a8bc6ccab4fa3b1afd621da.jpg,healthy,0.25702932476997375
IMG_20250617_130355_592_jpg.rf.ba54ad70d239fe43d524c7c2b5091527.jpg,healthy,0.28214097023010254
IMG_20250622_172512_579_jpg.rf.c566aa4e19b811ba1ee795c818e1aab7.jpg,healthy,0.4051687717437744
IMG_20250622_171556_218_jpg.rf.e3332de4f9fd049d7499974b71b9b29a.jpg,healthy,0.28628063201904297
IMG20250622172448_jpg.rf.7cc645a2d996c1ec8d272135e61ab1c0.jpg,healthy,0.30437514185905457
IMG20250622172456_jpg.rf.19c708ee867932394bc3f84c636b003f.jpg,healthy,0.23878464102745056
IMG_20250622_171554_085_jpg.rf.942cc731cb86934dc24e3f7feb00cd31.jpg,healthy,0.3438234031200409
IMG_20250622_171919_827_jpg.rf.590dc2bf319f92311a802153af1cc56b.jpg,healthy,0.33885258436203003
IMG_20250617_140559_281_jpg.rf.d03539d102c78387de060bfa508597a1.jpg,bad,0.5081158876419067
IMG_20250617_140606_560_jpg.rf.634b385e93a47487255f154e4f3ab5eb.jpg,bad,0.5322018265724182
IMG_20250623_033731_674_jpg.rf.7cb84fd4da1418723e9faabdc9b0d5f1.jpg,healthy,0.28717684745788574
IMG_20250617_140632_693_jpg.rf.6ba54aecacbec47f41317fabb7ef5132.jpg,healthy,0.29486873745918274
IMG_20250622_172703_091_jpg.rf.d2b2ad4e057dcd4cd0db0e8f7fff6dd4.jpg,healthy,0.22123156487941742
IMG_20250622_172504_573_jpg.rf.d72d6b14cbc6e8975c39e982348418c8.jpg,healthy,0.3975311815738678
IMG_20250622_171752_425_jpg.rf.84b449c914ed4bde47915131b82ec3d1.jpg,healthy,0.3645569980144501
IMG_20250617_140657_616_jpg.rf.8692bc3f67c6989974dfaa82245d8bc6.jpg,healthy,0.4982161223888397
IMG_20250622_171125_021_jpg.rf.4356bef01e16c2b9ff50163cb9c1eb53.jpg,healthy,0.38272950053215027
IMG_20250617_130433_292_jpg.rf.8b9beaca27f8fe72b34468125e6221cc.jpg,healthy,0.20764081180095673
IMG_20250622_171803_233_jpg.rf.bfa9dc9d91e79197ec4de0059bdcd82e.jpg,healthy,0.24998676776885986
IMG20250622172504_jpg.rf.b74f04df9fb543de833fe80f9b3419ea.jpg,healthy,0.4066227674484253
IMG20250622151016_jpg.rf.cbfaafab3a8f75ee16f89a6efe9e25d3.jpg,healthy,0.21724554896354675
IMG20250622172945_01_jpg.rf.0cef79af441b1a946587d7465255f171.jpg,healthy,0.22063441574573517
IMG_20250622_171635_181_jpg.rf.df2704662465cea6af36fc8d00c2c286.jpg,healthy,0.295238733291626
IMG_20250622_171617_132_jpg.rf.4d5b5e92f69210ab0bd8d47ed402702b.jpg,healthy,0.1991690844297409
IMG20250622172739_jpg.rf.ae07ee1ae25dc9ac1f64127ff7d06f86.jpg,bad,0.5388882756233215
IMG_20250623_033522_479_jpg.rf.ec2bd5295e012b538df04b2e893f6da3.jpg,healthy,0.3089604079723358
IMG_20250622_172500_750_jpg.rf.fb30d674d830be047951516bc7c9b9e4.jpg,healthy,0.4299858510494232
IMG_20250617_140635_114_jpg.rf.d0f8b2a06df6676edf22334942f23f00.jpg,healthy,0.41672706604003906
IMG20250622151051_jpg.rf.f81ff948e82c8a34edd36853052a9bb7.jpg,healthy,0.3382229804992676
IMG_20250622_171905_945_jpg.rf.dc3b921cf5007bd5ffece03139caaf46.jpg,healthy,0.34534549713134766
IMG_20250622_171614_759_jpg.rf.f3b2a824ba9564766a8ca66cc6920641.jpg,healthy,0.19743800163269043
IMG20250622172342_jpg.rf.6a98534dfa7d4b2cc78bd440cb48cf05.jpg,healthy,0.37337052822113037
IMG_20250617_130242585_BURST0002_jpg.rf.9fc9084c9bf2856d8d2967bbe22bfc17.jpg,healthy,0.3754279315471649
IMG_20250617_140658_132_jpg.rf.5d322d9e612528210b68efa1493c7c8c.jpg,bad,0.6313228011131287
IMG_20250622_172453_505_jpg.rf.5f1d0f6d689db24b9e7c5be5604430a1.jpg,healthy,0.3924723267555237
IMG20250622172943_jpg.rf.c199db50e873293a2adf4b1c4c7ab60a.jpg,healthy,0.11986859142780304
IMG_20250622_171859_774_jpg.rf.b360ce4445825a33050b351a87138761.jpg,healthy,0.32847753167152405
IMG_20250622_172437_948_jpg.rf.f54e543680a5124cb1dc08c7524a3748.jpg,healthy,0.2983320653438568
IMG_20250622_172446_164_jpg.rf.3cdfb680643d41d9db08bf4320aeaf09.jpg,healthy,0.4087177515029907
IMG_20250622_171756_838_jpg.rf.ebdd47ae45a48002850b160199b04c1f.jpg,healthy,0.4912356734275818
IMG_20250622_172845_880_jpg.rf.b2294b3d79a01de99e47ee19f81b3132.jpg,healthy,0.38523390889167786
IMG_20250622_172309_431_jpg.rf.eca1720956463e6e2216371d1823cc78.jpg,healthy,0.44428718090057373
IMG_20250622_172632_242_jpg.rf.889d27e3c5ae3d6914d1440528661b48.jpg,healthy,0.49191462993621826
IMG_20250622_171618_256_jpg.rf.000c664959064cf84b74d16d53f45fe4.jpg,healthy,0.15963026881217957
IMG_20250622_171212_487_jpg.rf.34154a5b3fe2fad29c51c50bb079da08.jpg,healthy,0.2993623614311218
IMG_20250622_171249_050_jpg.rf.9eb681a9f42ccc50804e95efff380209.jpg,healthy,0.19430498778820038
IMG_20250622_172648_289_jpg.rf.69b49e781816a414641f33dae32d472b.jpg,healthy,0.1276044398546219
IMG_20250617_140701_340_jpg.rf.88959a71459a56a4f3745b70c450af14.jpg,bad,0.6263108253479004
IMG_20250622_172851_000_jpg.rf.40a94b723c430f8d07d91ec858731655.jpg,bad,0.5970392823219299
IMG_20250622_171927_193_jpg.rf.17308b91f8b937688b3625e41179f38a.jpg,healthy,0.4829310476779938
IMG_20250622_171744_746_jpg.rf.1d2b1c0580f6a6ee5c4512e2353c6d2d.jpg,healthy,0.3930056393146515
IMG20250622172948_jpg.rf.aa3935cd9e24f9a43363b04c0532c5ec.jpg,healthy,0.2531116008758545
IMG20250622172928_jpg.rf.7aa388996ccbe17b1506dbbd5a15acf2.jpg,healthy,0.06302162259817123
IMG_20250617_130242585_BURST0007_jpg.rf.ffb5d0d65f47ca8553b1ea29ecc23987.jpg,healthy,0.4340558648109436
IMG_20250617_130342_920_jpg.rf.6ac0f25a450e3df1416521a47c1ad4e8.jpg,healthy,0.12995781004428864
IMG_20250617_130337_095_jpg.rf.87c72b682891e923d4c4143f2feab950.jpg,healthy,0.1382928043603897
IMG_20250622_171804_982_jpg.rf.be41c6e69f3e5bc06f3f18340b5da939.jpg,healthy,0.3489266335964203
IMG_20250622_171048_543_jpg.rf.f392626fae55986528a849e6e139daba.jpg,healthy,0.23159117996692657
IMG_20250622_171125_368_jpg.rf.eeec5d52e61a44261f8747de43515162.jpg,healthy,0.33914586901664734
IMG_20250623_033608_227_jpg.rf.2b5b18a7c8fc15bfab79b2bb4bc77e11.jpg,healthy,0.3273628354072571
IMG_20250622_171923_995_jpg.rf.cf5478572c4d18d77affa81871005f9d.jpg,healthy,0.30736783146858215
IMG_20250622_171744_076_jpg.rf.77d63203d6625744b2ae956323299792.jpg,healthy,0.39567387104034424
IMG_20250622_171715_996_jpg.rf.096a2c11b1f3f8be00d3c221c804c31f.jpg,healthy,0.4616926312446594
IMG_20250622_170038_558_jpg.rf.fee7cd9bce7d5f42cd0b768386e649cd.jpg,healthy,0.4269193112850189
IMG20250622172932_jpg.rf.f7d7dbef7c03e2126ae7a79caea929a2.jpg,healthy,0.07307791709899902
IMG_20250622_171620_114_jpg.rf.17c38b345339c0fa8c841423b1ea5c77.jpg,healthy,0.2676542401313782
IMG_20250622_172510_341_jpg.rf.b91275c29956e39ffa36b1ca650530a5.jpg,healthy,0.49428460001945496
IMG_20250622_171814_735_jpg.rf.aa1de8a6ff958babbff6e7a37e6a9940.jpg,healthy,0.31388041377067566
IMG_20250622_172316_086_jpg.rf.bb6a9485aef5c1c5c7544cf56cb9285e.jpg,healthy,0.3564186096191406
IMG_20250617_140628_376_jpg.rf.d585385de179edc4c4c8c2f9db0066ba.jpg,healthy,0.4708911180496216
IMG20250622172805_jpg.rf.e2a214fa84ce241ecbdcb017d6be6e9f.jpg,healthy,0.27265748381614685
IMG_20250617_140656_074_jpg.rf.52a7db1c0101353c98ad0680dc9fd7ed.jpg,healthy,0.3486928939819336
IMG_20250622_171619_244_jpg.rf.2391003720ce76fd4389cd6c6fd6c846.jpg,healthy,0.2107144296169281
IMG_20250622_172318_584_jpg.rf.19b9a37712c497d027a7a41111223adc.jpg,healthy,0.4207679033279419
IMG_20250622_172556_058_jpg.rf.ecbed31ff4fde6634002a67dc7f0cd23.jpg,healthy,0.34972983598709106
IMG_20250622_172643_909_jpg.rf.b453292cb7e801309570d29a6b7ad017.jpg,healthy,0.4259037971496582
IMG20250622151532_jpg.rf.6f18918ca15af11c532bfe7d44cd94c9.jpg,healthy,0.49403831362724304
IMG_20250622_171622_357_jpg.rf.1474d79d86b1034dbdd0cfe4a6268abc.jpg,healthy,0.3392750918865204
IMG_20250623_033739_270_jpg.rf.3368ccf3ce04f91df520dcd45db8db00.jpg,healthy,0.30530229210853577
IMG_20250622_172716_468_jpg.rf.f70676c8d7bfe0a55e01ac8d7c30e664.jpg,healthy,0.1270633488893509
IMG_20250622_171732_488_jpg.rf.a4770f7c2c19ceaf1ed73d809c1084c0.jpg,healthy,0.41246744990348816
IMG_20250622_171645_568_jpg.rf.15ae342f33ca1a72da5aa5032f226bfb.jpg,healthy,0.2274198979139328
IMG_20250622_171745_376_jpg.rf.a5a5e1b03e42ab17977a80bde9359cfe.jpg,healthy,0.4336951971054077
IMG_20250622_171646_373_jpg.rf.b943f530826397e15dcf9223f08857e0.jpg,healthy,0.29787853360176086
IMG_20250622_170959_446_jpg.rf.99548dbe265654ead6f1f99bca698dbe.jpg,healthy,0.32379698753356934
IMG_20250623_033112_567_jpg.rf.4e1e0516646cfa228ebda6bcf7de527c.jpg,healthy,0.3939701020717621
IMG_20250622_171730_514_jpg.rf.b08bf150da8980d0fd344e21899ecd67.jpg,healthy,0.24179767072200775
IMG_20250622_171748_622_jpg.rf.ff7d26bcda65e0b15c83455fb0f5e7a2.jpg,healthy,0.33225613832473755
IMG_20250622_171714_476_jpg.rf.4f513dd15c503bed680829b3c06afe05.jpg,healthy,0.24432913959026337
IMG_20250622_171802_082_jpg.rf.e8a9232b11a5c3cc1afb71b693635ac1.jpg,bad,0.6085226535797119
IMG_20250617_130318_776_jpg.rf.3b7b3dccf42784a744e21d25bad3da64.jpg,healthy,0.338305801153183
IMG_20250622_171625_226_jpg.rf.301cb8b5122f9898c1930856c087fbf9.jpg,healthy,0.3664873242378235
IMG_20250622_172603_343_jpg.rf.96b80b9fcbec416740cfaa000fccfec0.jpg,bad,0.5070913434028625
IMG20250622172950_01_jpg.rf.393a64c3e9d27002c103a72e4654a382.jpg,healthy,0.08400116115808487
IMG_20250622_171923_231_jpg.rf.11690d89951c409e165f3d2b07cbfbb7.jpg,healthy,0.29940423369407654
IMG_20250622_172746_704_jpg.rf.3d3971acf4276a69e73913304429ee46.jpg,healthy,0.11095645278692245
IMG20250622172950_jpg.rf.1e4d44f4c378e23c98ada762f25f7068.jpg,healthy,0.11220299452543259
IMG_20250622_172432_173_jpg.rf.b13c650a1a5306b2612c64442d3fe82a.jpg,healthy,0.4709007143974304
IMG_20250622_172720_570_jpg.rf.bb77ad883894fc4eb73a26a12cd20140.jpg,healthy,0.14547112584114075
IMG_20250622_171600_871_jpg.rf.43deecdd06d09d207c2cde8bb8e85ff5.jpg,healthy,0.2055625021457672
IMG_20250622_171550_892_jpg.rf.c23aeaae863bae521a2de33c6c45ea33.jpg,healthy,0.4195418059825897
IMG_20250622_172736_387_jpg.rf.e571e681929ddc9c9b476fbd0b478c5d.jpg,healthy,0.22515200078487396
IMG_20250622_171120_927_jpg.rf.773524e5f967176660ee5265ec6d927e.jpg,healthy,0.3513919413089752
IMG_20250622_172311_984_jpg.rf.724eddca2f5b3fa9be56618d72f1b653.jpg,bad,0.5284639596939087
IMG_20250622_172849_494_jpg.rf.bf92243214006a79a59271abf2cdd3f8.jpg,healthy,0.32304835319519043
IMG20250622172519_jpg.rf.d7f0d03ff2ef8c0fc44d16e38d4be11b.jpg,healthy,0.1833125799894333
IMG_20250622_171825_732_jpg.rf.b89eabba7551f7bd317154d57a8315da.jpg,healthy,0.37366753816604614
IMG_20250622_171856_029_jpg.rf.7e2c72576b82e9bd4c3ee23b16b54f8c.jpg,healthy,0.2333415150642395
IMG_20250622_171613_347_jpg.rf.372e15d8fd5b936e6c7bff7df57fd431.jpg,healthy,0.2856191098690033
IMG20250622172710_jpg.rf.17e2da74f663734458ae33372916fd9c.jpg,healthy,0.42463910579681396
IMG_20250617_140652_011_jpg.rf.db5d2446fdc0bc36835c52484e57a0ef.jpg,healthy,0.34190836548805237
IMG_20250622_171130_524_jpg.rf.492a4ecb657a5e70f124e5967eace20d.jpg,healthy,0.2597724199295044
IMG_20250622_171855_444_jpg.rf.7ced7578036c2e7a19051254dc0494ea.jpg,healthy,0.36190086603164673
IMG_20250622_172901_438_jpg.rf.577d670d36fef1b61ae400ee1cc2b48a.jpg,healthy,0.4450587034225464
IMG_20250622_171639_829_jpg.rf.dcfdf07f3377988462d00205ba332a91.jpg,healthy,0.3538442850112915
IMG_20250622_170950_499_jpg.rf.6101903cd474eff689f3e3a3cc7b686b.jpg,healthy,0.21857158839702606
IMG_20250622_171925_776_jpg.rf.b298dc926a4671f59143a3ae10b812b5.jpg,healthy,0.14301063120365143
IMG20250622151503_jpg.rf.5661b042ad5745f85a1ff20f789aa4fb.jpg,healthy,0.4481550455093384
IMG20250622171931_jpg.rf.8eb1d909ad83cbb22c57938a99d120b2.jpg,healthy,0.31645551323890686
IMG_20250622_172847_662_jpg.rf.5f59de102c0def7d991df67104d78b80.jpg,healthy,0.356303334236145
IMG20250622172418_jpg.rf.5794e55410835937354ceadd16e81bfd.jpg,healthy,0.39703333377838135
IMG_20250617_130328_330_jpg.rf.4ac41be1f4d856794f7b258b7c18e317.jpg,healthy,0.22626268863677979
IMG_20250617_140625_240_jpg.rf.6aa1e0560373c6a81cf3ab38f9644df7.jpg,healthy,0.3144436776638031
IMG20250622172544_jpg.rf.8075eca5712b9cb8a2beaa84c75e932f.jpg,healthy,0.2203279435634613
IMG_20250622_171805_577_jpg.rf.6c54f1bd91bd11d144e6d86a719a4513.jpg,healthy,0.3292732536792755
IMG_20250622_171904_884_jpg.rf.2df2cc2baed25488f0dda85a53bb64e1.jpg,healthy,0.34610795974731445
IMG_20250617_140712_902_jpg.rf.deb92f9b37554bc0dd40c99dae54c824.jpg,healthy,0.48439711332321167
IMG_20250617_140637_470_jpg.rf.b5dba4a7fa1c3bae6967142044c9a702.jpg,healthy,0.4032119810581207
IMG_20250622_171858_253_jpg.rf.4fec7dd56cb94feef4af689650dbcc22.jpg,healthy,0.270248144865036
IMG20250622151125_01_jpg.rf.f6ad7ff37dbe9aba5c25bcb09a3e0efc.jpg,healthy,0.1749454289674759
IMG_20250622_171734_041_jpg.rf.e4c73070314d3b54269ccfb2f30cd0d7.jpg,healthy,0.4373874366283417
IMG20250622172608_jpg.rf.11dcfcdd3ded32ae3879703d6409288b.jpg,healthy,0.3812028467655182
IMG_20250622_171629_473_jpg.rf.d06f3a23788648c99875b7f8151251f3.jpg,healthy,0.27695009112358093
IMG_20250622_172518_584_jpg.rf.5f4ee80113c1919152a32560c3e0f558.jpg,healthy,0.45318055152893066
IMG_20250622_172557_899_jpg.rf.d7995f819d955cd50b660db33d962725.jpg,healthy,0.31182992458343506
